id;name;identifier;email;phone
1;Isle;Fantastic;Romaine_Langworth@yahoo.com;1-655-538-0473 x706
2;Customizable;International override orchid;Tomasa_Bode@hotmail.com;1-795-447-8023
3;Research Small Corporate;enable;Bria_Barton99@hotmail.com;539.604.5969 x472
4;Buckinghamshire Refined Fresh Towels Chilean Peso Unidades de fomento;Haven Handcrafted;Kamren.Prosacco86@gmail.com;561.051.5945
5;monetize;next-generation encompassing;Felicity23@yahoo.com;280.694.8634
6;plum application;protocol;Golden.Daugherty43@hotmail.com;886.864.5222 x114
7;quantify;morph;Beaulah.Gottlieb@yahoo.com;083.966.0239
8;firewall Savings Account redundant;monetize THX;Lauriane.Upton@yahoo.com;1-555-821-3373
9;transmit Buckinghamshire;Rubber synthesize Tanzanian Shilling;Dulce.Vandervort@gmail.com;923.433.7411 x9193
10;communities Toys;Intelligent Granite Hat;Eliane.Sanford@hotmail.com;406-705-4089
